fcode,fname,incdate
000084.OF,博时安盈A,2013-04-23
000128.OF,大成景安短融A,2013-05-24
000322.OF,农银汇理金汇,2020-06-29
000394.OF,融通通源短融A,2014-10-30
000487.OF,嘉实3个月理财A,2019-03-22
000503.OF,中信建投景和中短债A,2014-01-27
000674.OF,中海中短债,2020-06-05
000783.OF,博时季季享三个月A,2019-09-05
000792.OF,招商定期宝六个月,2017-06-16
000798.OF,民生加银家盈季度,2018-09-26
000799.OF,民生加银家盈半年,2018-08-13
000808.OF,招商招利1个月A,2020-02-28
002301.OF,兴业短债A,2016-02-03
002864.OF,广发安泽短债A,2016-06-17
002920.OF,中欧短债A,2017-02-24
003002.OF,国金及第中短债,2019-10-22
003009.OF,中融盈泽中短债A,2017-03-27
003403.OF,华商瑞丰短债A,2017-03-01
003520.OF,万家1-3年政策性金融债A,2016-11-25
003879.OF,嘉实6个月理财A,2019-09-05
004155.OF,中信保诚至泰中短债A,2017-06-06
004596.OF,中科沃土沃安中短期利率A,2018-08-22
004614.OF,鹏扬利泽A,2017-06-15
004667.OF,招商招财通A,2018-10-11
004672.OF,华夏短债A,2017-12-06
004780.OF,招商招利一年,2017-08-17
004827.OF,平安中短债A,2019-01-23
004907.OF,长安泓沣中短债A,2017-08-09
004981.OF,新华鑫日享中短债A,2018-12-19
005010.OF,金鹰添瑞中短债A,2017-09-15
005079.OF,兴银鑫日享短债A,2019-09-06
005350.OF,诺德短债A,2019-01-25
005513.OF,南华瑞恒中短债A,2019-01-29
005601.OF,汇安中短债A,2019-09-17
005725.OF,国投瑞银恒泽中短债A,2018-12-19
005754.OF,平安短债A,2018-05-16
005992.OF,光大超短债A,2018-06-13
006073.OF,人保鑫瑞中短债A,2018-08-30
006076.OF,创金合信恒利超短债A,2018-08-02
006319.OF,易方达安瑞短债A,2018-11-14
006360.OF,财通资管鸿益中短债A,2018-09-03
006387.OF,宝盈安泰短债A,2018-12-07
006389.OF,金鹰添祥中短债A,2018-09-19
006415.OF,银华中短期金融债,2018-10-19
006434.OF,鹏华3个月中短债A,2018-10-17
006436.OF,浦银安盛中短债A,2018-10-25
006488.OF,富荣富开1-3年国开债纯债A,2018-10-31
006496.OF,银华安盈短债A,2018-12-07
006516.OF,浙商汇金短债A,2018-11-22
006517.OF,南方吉元短债A,2018-11-21
006519.OF,汇安短债A,2018-11-07
006542.OF,财通资管鸿利中短债A,2018-11-22
006545.OF,兴银中短债A,2018-12-07
006591.OF,广发景明中短债A,2018-11-29
006597.OF,国泰利享中短债A,2018-12-03
006606.OF,泓德裕丰中短债A,2018-12-12
006609.OF,申万菱信安泰瑞利中短债A,2019-09-04
006626.OF,山西证券超短债A,2019-01-21
006629.OF,招商鑫悦中短债A,2018-11-30
006645.OF,银华安丰中短期金融债,2018-12-05
006646.OF,汇添富短债A,2018-12-13
006662.OF,易方达安悦超短债A,2018-12-05
006664.OF,易方达安悦超短债F,2018-12-05
006668.OF,华夏中短债A,2018-12-25
006672.OF,广发招财短债A,2019-01-18
006677.OF,中银稳汇短债A,2018-12-19
006702.OF,国富恒嘉短债A,2018-12-19
006734.OF,国金惠鑫短债A,2019-03-28
006740.OF,工银瑞信尊利中短债A,2019-04-30
006772.OF,汇添富丰润中短债,2018-12-24
006773.OF,国寿安保尊荣中短债A,2019-01-25
006793.OF,交银稳鑫短债A,2019-01-24
006797.OF,嘉实中短债A,2019-01-24
006799.OF,财通资管鸿运中短债A,2019-01-21
006804.OF,富国短债A,2019-01-18
006806.OF,西部利得添盈短债A,2019-06-04
006824.OF,创金合信鑫日享短债A,2019-01-17
006829.OF,鹏扬利沣短债A,2019-09-09
006834.OF,工银瑞信尊享短债A,2019-01-30
006852.OF,永赢迅利中高等级短债A,2019-01-17
006870.OF,广发景和中短债A,2019-03-14
006874.OF,创金合信恒兴中短债A,2019-03-05
006893.OF,汇添富丰利短债,2019-01-18
006902.OF,长盛安鑫中短债A,2019-02-20
006907.OF,银华安鑫短债A,2019-01-29
006932.OF,平安0-3年期政策性金融债A,2019-02-25
006947.OF,华宝中短债A,2019-03-15
006965.OF,财通安瑞短债A,2019-03-20
006989.OF,建信中短债纯债A,2019-03-08
006998.OF,广发景兴中短债A,2019-03-21
007014.OF,嘉合磐泰短债A,2019-07-24
007017.OF,平安如意中短债A,2019-04-03
007057.OF,中泰蓝月短债A,2019-04-26
007149.OF,南方初元中短债A,2019-06-17
007194.OF,长城短债A,2019-08-29
007218.OF,蜂巢添幂中短债A,2019-09-26
007227.OF,海富通中短债A,2019-09-24
007245.OF,安信鑫日享中短债A,2019-05-30
007319.OF,嘉实汇达中短债A,2019-06-05
007394.OF,东兴兴财短债A,2019-10-23
007414.OF,长江安盈中短债六个月定开,2019-09-25
007426.OF,浙商汇金聚盈中短债A,2019-06-25
007456.OF,汇添富90天短债A,2019-06-12
007515.OF,鹏华稳利短债A,2019-10-30
007529.OF,嘉实汇鑫中短债A,2019-09-26
007542.OF,永赢开泰中高等级中短债A,2019-08-28
007582.OF,中泰青月中短债A,2019-08-09
007603.OF,景顺长城中短债A,2019-08-20
007635.OF,银河天盈中短债A,2019-10-31
007653.OF,长盛稳益6个月A,2019-07-26
007655.OF,南方定元中短债A,2019-11-05
007717.OF,工银瑞信尊享短债F,2019-08-05
007754.OF,上银慧永利中短期A,2020-02-27
007790.OF,南方梦元短债A,2019-11-05
007819.OF,华泰紫金丰益中短债A,2019-09-06
007821.OF,华泰紫金丰利中短债A,2019-08-29
007823.OF,天弘弘择短债A,2019-08-20
007828.OF,创金合信信用红利A,2019-09-26
007901.OF,汇添富中短债A,2020-04-09
007915.OF,财通资管鸿福短债A,2019-10-15
008010.OF,前海联合润盈短债A,2019-12-24
008022.OF,建信短债F,2020-01-13
008067.OF,圆信永丰丰和中短债A,2020-06-17
008108.OF,国联安短债A,2019-12-10
008122.OF,南方皓元短债A,2019-11-28
008204.OF,交银稳利中短债A,2019-12-13
008433.OF,凯石岐短债A,2020-01-21
008448.OF,德邦短债A,2019-12-25
008491.OF,万家家丰A,2020-08-18
008497.OF,鹏扬浦利中短债A,2019-12-17
008505.OF,浙商中短债A,2020-08-24
008578.OF,东海祥苏A,2020-03-12
008587.OF,淳厚中短债A,2020-03-26
008646.OF,天弘增利A,2020-03-23
008686.OF,大成景优A,2020-08-31
008694.OF,平安元盛超短债A,2020-03-18
008761.OF,南方骏元中短期利率债,2020-02-27
008774.OF,招商鑫福中短债A,2020-05-22
008783.OF,南方乐元中短期利率债A,2020-03-18
008815.OF,红塔红土盛平中短债A,2020-04-09
008820.OF,大成景悦A,2020-06-19
008864.OF,鑫元中短债A,2020-04-29
008911.OF,平安元丰中短债A,2020-04-15
009093.OF,华泰柏瑞鸿利中短债A,2020-05-21
009122.OF,湘财久丰3个月定开A,2020-04-26
009191.OF,中信保诚景裕中短债A,2020-07-03
009196.OF,北信瑞丰鼎盛中短债A,2020-04-29
009257.OF,工银瑞信尊利中短债F,2020-04-07
009290.OF,富国添享一年持有A,2020-06-02
009301.OF,恒生前海短债A,2020-06-17
009356.OF,博时季季乐三个月持有A,2020-05-27
009534.OF,南方升元中短期利率债A,2020-06-16
009655.OF,工银瑞信尊益中短债A,2020-07-20
010048.OF,平安短债I,2020-08-13
010145.OF,格林中短债A,2020-10-28
040045.OF,华安添鑫中短债A,2012-12-24
070009.OF,嘉实超短债,2006-04-26
090021.OF,大成月添利理财A,2020-06-30
110053.OF,易方达安源中短债A,2019-05-28
167504.OF,安信中短利率债A,2019-06-26
217025.OF,招商理财7天A,2020-04-29
270043.OF,广发理财年年红,2012-07-19
470014.OF,汇添富理财14天A,2019-12-27
470060.OF,汇添富理财60天A,2019-04-18
485022.OF,工银瑞信尊益中短债F,2020-07-20
485118.OF,工银瑞信7天理财A,2020-03-09
485120.OF,工银瑞信14天理财A,2020-06-15
519199.OF,万家家享中短债A,2016-11-01
531028.OF,建信短债A,2020-01-13
000005.OF,嘉实增强信用,2013-03-08
000015.OF,华夏纯债A,2013-03-08
000024.OF,大摩双利增强A,2013-03-26
000032.OF,易方达信用债A,2013-04-24
000037.OF,广发景宁纯债,2020-04-22
000053.OF,鹏华永诚一年定开,2013-05-03
000064.OF,大摩纯债稳定增利,2013-06-25
000069.OF,国投瑞银中高等级A,2013-05-14
000074.OF,工银信用纯债一年A,2013-05-22
000078.OF,工银信用纯债两年A,2013-06-24
000086.OF,南方稳利1年A,2013-07-23
000090.OF,民生加银高等级信用债A,2020-07-24
000104.OF,华宸未来稳健添利A,2013-08-20
000105.OF,建信安心回报A,2013-05-14
000111.OF,易方达纯债1年A,2013-07-30
000113.OF,嘉实如意宝AB,2013-06-04
000116.OF,嘉实丰益纯债,2013-05-21
000122.OF,汇添富实业债A,2013-06-14
000134.OF,中信保诚嘉鸿A,2020-07-24
000137.OF,民生加银岁岁增利A,2013-08-01
000139.OF,富国国有企业债AB,2013-09-25
000147.OF,易方达高等级信用债A,2013-08-23
000149.OF,华安双债添利A,2013-06-14
000152.OF,大成景旭纯债A,2013-07-23
000174.OF,汇添富高息债A,2013-06-27
000183.OF,嘉实丰益策略,2013-07-30
000186.OF,华泰柏瑞季季红,2013-11-13
000187.OF,华泰柏瑞丰盛纯债A,2013-09-02
000191.OF,富国信用债A,2013-06-25
000194.OF,银华信用四季红A,2013-08-07
000197.OF,富国一年期纯债,2013-06-27
000200.OF,博时岁岁增利,2013-06-26
000201.OF,诺安泰鑫一年A,2013-11-05
000205.OF,易方达投资级信用债A,2013-09-10
000212.OF,泰信鑫益A,2013-07-17
000221.OF,汇添富年年利A,2013-09-06
000225.OF,长盛年年收益A,2013-08-09
000227.OF,华安年年红A,2013-11-14
000235.OF,诺安稳固收益,2013-08-21
000239.OF,华安年年盈A,2015-02-03
000244.OF,天弘稳利A,2013-07-19
000246.OF,博时月月薪,2013-07-25
000252.OF,景顺长城景兴信用纯债A,2013-08-26
000254.OF,长城增强收益A,2013-09-06
000265.OF,易方达恒久添利1年A,2014-09-10
000267.OF,广发集利一年A,2013-08-21
000271.OF,中邮定期开放A,2013-11-05
000277.OF,博时双月薪,2013-10-22
000286.OF,银华信用季季红A,2013-09-18
000289.OF,鹏华丰泰A,2013-09-24
000295.OF,鹏华丰实A,2013-09-10
000298.OF,中海纯债A,2014-04-23
000305.OF,中银中高等级A,2013-12-05
000310.OF,安信永利信用A,2013-11-08
000316.OF,中海瑞利六个月定开,2019-10-24
000319.OF,泰达宏利淘利A,2014-08-06
000329.OF,鹏华丰饶,2016-08-24
000345.OF,鹏华丰融,2013-11-19
000346.OF,建信安心回报6个月A,2013-11-05
000355.OF,南方丰元信用增强A,2013-11-12
000372.OF,中银惠利纯债,2013-11-07
000395.OF,汇添富安心中国A,2013-11-22
000402.OF,工银瑞信纯债A,2014-05-16
000415.OF,大摩纯债稳定添利A,2014-09-02
000419.OF,大摩优质信价纯债A,2014-11-25
000437.OF,融通通启A,2014-08-29
000465.OF,景顺长城鑫月薪,2014-03-20
000469.OF,富国目标齐利一年,2014-07-25
000489.OF,光大岁末红利纯债A,2014-08-12
000497.OF,财通纯债A,2016-01-19
000516.OF,富国祥利一年期A,2017-08-30
000521.OF,诺安瑞鑫定期开放,2017-12-28
000546.OF,兴业定期开放A,2014-03-13
000552.OF,中加纯债一年A,2014-03-24
000561.OF,南方启元A,2014-07-25
000563.OF,南方通利A,2014-04-25
000583.OF,江信聚福,2014-05-29
000606.OF,天弘优选,2017-09-26
000632.OF,中银聚利定期开放,2017-07-21
000655.OF,鑫元稳利,2014-06-12
000668.OF,国寿安保尊享A,2014-07-24
000694.OF,鑫元鸿利,2014-06-26
000736.OF,诺安聚利A,2014-11-13
000744.OF,北信瑞丰稳定收益A,2014-08-27
000801.OF,中金纯债A,2014-11-04
000815.OF,鑫元合享纯债A,2018-11-13
000817.OF,中银安心回报半年,2014-10-24
000839.OF,上投摩根纯债丰利A,2014-11-18
000889.OF,上投摩根纯债添利A,2014-12-24
000898.OF,华富恒稳纯债A,2014-12-17
000911.OF,鑫元合丰纯债A,2016-12-27
000914.OF,中加纯债,2016-12-23
000931.OF,国寿安保尊益信用纯债,2015-01-22
000943.OF,工银中高等级信用债A,2015-12-02
000951.OF,中银慧享A,2020-09-21
000997.OF,南方双元A,2015-02-10
001019.OF,兴业年年利,2015-02-12
001212.OF,华润元大稳健收益A,2015-10-16
001235.OF,中银国有企业债A,2015-09-29
001246.OF,兴银长乐半年定期,2015-06-09
001299.OF,兴业添利,2015-06-10
001368.OF,兴业稳固收益一年,2015-06-10
001369.OF,兴业稳固收益两年,2015-06-10
001545.OF,博时裕嘉三个月,2015-12-02
001546.OF,博时裕盈三个月,2015-09-29
001575.OF,兴银稳健,2015-12-14
001578.OF,博时裕瑞纯债,2015-06-30
001619.OF,兴银汇福定开,2019-03-28
001750.OF,景顺长城景瑞收益债A,2015-08-26
001776.OF,中欧兴利,2015-09-25
001783.OF,兴银合盈A,2019-02-27
001794.OF,兴银朝阳,2015-12-07
001819.OF,兴全稳益定期开放,2015-09-10
001859.OF,大摩纯债稳定增值A,2016-03-02
001906.OF,东方红6个月定开,2015-10-26
001911.OF,博时裕恒纯债,2015-10-23
001918.OF,圆信永丰兴利A,2016-02-23
001960.OF,兴银瑞益纯债,2015-11-06
001961.OF,博时裕荣纯债,2015-11-06
001963.OF,中欧天禧纯债,2015-12-14
001968.OF,光大尊盈半年A,2017-05-23
001988.OF,南方纯元A,2017-05-23
001993.OF,博时裕泰纯债,2015-11-19
002048.OF,博时安誉18个月,2015-12-23
002073.OF,圆信永丰兴融A,2015-12-21
002101.OF,创金合信转债精选A,2015-11-19
002109.OF,博时裕丰3个月,2015-11-25
002128.OF,广发鑫惠,2016-11-16
002140.OF,博时裕诚纯债,2016-10-31
002143.OF,博时裕坤纯债3个月,2015-11-30
002169.OF,永赢稳益,2015-12-02
002175.OF,博时裕乾A,2016-01-15
002188.OF,鹏华丰华,2015-12-02
002198.OF,博时裕达纯债,2015-12-03
002206.OF,博时裕康纯债,2015-12-03
002218.OF,南方弘利A,2015-12-11
002254.OF,长信金葵纯债一年A,2016-01-27
002265.OF,鑫元兴利,2016-01-13
002268.OF,兴业丰利,2015-12-28
002274.OF,中邮纯债聚利A,2016-02-03
002276.OF,中邮纯债恒利A,2017-04-13
002279.OF,浙商惠盈纯债A,2015-12-23
002336.OF,创金合信尊享,2016-03-11
002337.OF,创金合信季安鑫A,2016-01-07
002338.OF,兴业优债增利A,2016-02-03
002341.OF,招商招瑞纯债A,2016-03-09
002342.OF,融通增益AB,2016-05-11
002354.OF,博时裕腾,2016-01-18
002356.OF,博时安泰18个月A,2016-02-04
002377.OF,建信睿怡纯债,2016-02-22
002381.OF,东海祥瑞A,2016-03-24
002395.OF,鹏华丰尚A,2016-03-22
002438.OF,创金合信尊盛,2016-02-26
002442.OF,鑫元汇利,2016-03-09
002445.OF,兴业丰泰,2016-02-25
002447.OF,博时裕安一年定开债,2016-03-04
002448.OF,江信汇福,2016-05-05
002452.OF,民生加银和鑫定开,2016-03-23
002466.OF,博时裕新纯债,2016-03-30
002476.OF,博时安瑞18个月A,2016-03-30
002483.OF,富国泰利,2016-05-11
002486.OF,上银慧添利,2016-03-16
002487.OF,汇添富稳健添利A,2016-03-16
002490.OF,金鹰元祺信用债,2016-04-06
002491.OF,银华添益,2016-03-22
002519.OF,博时裕景纯债,2016-04-28
002523.OF,光大恒利纯债,2016-09-02
002524.OF,兴业福益,2016-03-18
002528.OF,泰康安益纯债A,2016-08-30
002548.OF,嘉实稳瑞纯债,2016-03-18
002549.OF,嘉实稳祥纯债A,2016-03-18
002550.OF,嘉实稳荣,2016-12-02
002552.OF,华夏恒利3个月定开,2016-03-29
002568.OF,博时裕发纯债,2016-04-06
002569.OF,博时裕弘纯债,2016-06-17
002578.OF,博时裕泉纯债,2016-09-07
002586.OF,金鹰添利中长期信用债A,2017-02-22
002591.OF,中欧信用增利E,2016-04-06
002592.OF,中欧纯债E,2016-04-06
002600.OF,易方达裕景添利6个月,2016-04-12
002603.OF,工银瑞信瑞丰定开,2016-04-22
002625.OF,博时安怡6个月,2016-04-15
002635.OF,融通增鑫,2016-05-05
002638.OF,兴业天融,2016-04-21
002650.OF,东方红稳添利,2016-05-13
002661.OF,兴业天禧,2016-05-09
002684.OF,民生加银鑫安纯债A,2016-09-09
002698.OF,博时裕利纯债,2016-05-09
002704.OF,德邦锐兴A,2016-06-03
002716.OF,博时裕通纯债3个月A,2016-04-29
002725.OF,中欧强瑞多策略,2016-05-27
002734.OF,泓德裕荣纯债A,2016-08-15
002736.OF,泓德裕和纯债A,2016-11-11
002740.OF,泓德裕泽纯债A,2017-05-24
002750.OF,工银瑞信泰享三年,2016-05-05
002754.OF,博时裕创纯债,2016-05-13
002755.OF,博时裕盛纯债,2016-05-20
002756.OF,招商招兴定开A,2016-05-18
002775.OF,博时景兴纯债,2016-05-20
002781.OF,博时聚瑞纯债6个月,2016-05-26
002795.OF,平安惠盈A,2016-06-03
002805.OF,浙商汇金聚利一年A,2016-08-01
002807.OF,融通通安,2016-07-21
002811.OF,博时裕顺纯债,2016-06-23
002817.OF,招商招恒纯债A,2016-06-08
002825.OF,融通通和,2016-11-02
002826.OF,中银永利半年,2016-06-21
002830.OF,浙商惠丰定期开放,2016-08-01
002832.OF,工银瑞信恒享纯债,2016-05-31
002858.OF,长信富平纯债一年A,2016-08-15
002868.OF,鹏华丰茂,2016-06-28
002869.OF,融通通裕定期开放,2016-11-02
002870.OF,兴业增益五年,2016-06-17
002881.OF,中加丰润纯债A,2016-06-17
002898.OF,富国两年期理财A,2016-12-01
002904.OF,博时安仁一年定开A,2016-06-24
002909.OF,浙商惠享纯债,2016-06-20
002915.OF,鑫元裕利,2016-07-13
002927.OF,长盛盛和A,2016-07-05
002929.OF,博时聚盈纯债,2016-07-27
002930.OF,博时聚润纯债,2016-08-30
002948.OF,华安聚利18个月A,2016-08-09
002964.OF,国投瑞银顺鑫,2016-07-13
002970.OF,博时裕昂纯债,2016-07-15
002985.OF,中银季季红,2016-07-15
002991.OF,嘉实稳鑫,2016-07-15
002994.OF,招商招裕纯债A,2016-07-28
002996.OF,长信稳健纯债A,2016-12-13
002997.OF,工银瑞信瑞享,2016-08-25
003013.OF,中融恒泰纯债A,2016-12-27
003023.OF,博时景发纯债,2016-08-03
003024.OF,平安惠金定期开放A,2016-11-02
003039.OF,广发集富纯债A,2017-01-13
003041.OF,鑫元得利,2016-08-17
003050.OF,农银汇理金丰一年定期,2016-08-15
003051.OF,农银汇理金利一年定期,2016-11-02
003056.OF,嘉实稳泽纯债,2016-09-13
003065.OF,光大尊富18个月A,2017-09-27
003071.OF,中融睿祥A,2017-08-24
003073.OF,泰达宏利汇利A,2016-08-30
003078.OF,泰康安惠纯债A,2016-12-26
003099.OF,长盛盛景纯债A,2016-08-04
003102.OF,长盛盛裕纯债A,2016-08-04
003121.OF,中信保诚稳利A,2016-08-04
003123.OF,天治鑫利A,2016-12-07
003146.OF,融通通优,2016-08-09
003155.OF,中加丰尚纯债,2016-08-19
003156.OF,招商招悦纯债A,2016-08-24
003159.OF,万家恒瑞18个月A,2016-08-15
003162.OF,博时富宁纯债,2016-08-17
003163.OF,金鹰添益3个月定开,2016-08-19
003174.OF,前海联合添惠纯债A,2018-04-10
003179.OF,山西证券裕利,2016-08-24
003188.OF,博时聚源纯债,2017-02-09
003192.OF,创金合信尊丰纯债,2016-09-02
003193.OF,创金合信尊智纯债,2017-06-16
003195.OF,光大永利纯债A,2017-02-17
003199.OF,长盛盛琪一年期A,2016-09-27
003207.OF,博时富发纯债,2016-09-07
003209.OF,鹏华丰达,2016-08-30
003210.OF,博时智臻纯债,2016-08-30
003213.OF,中银悦享定期开放,2016-09-28
003214.OF,易方达富惠,2016-08-24
003220.OF,浙商惠利纯债,2016-09-27
003223.OF,广发景丰纯债,2016-11-23
003226.OF,信诚稳健A,2016-09-02
003239.OF,博时安祺6个月定开A,2016-09-29
003258.OF,博时富祥纯债A,2016-11-10
003259.OF,博时聚利纯债,2016-09-18
003260.OF,博时利发纯债,2016-09-07
003265.OF,招商招坤纯债A,2016-10-18
003268.OF,博时悦楚纯债,2016-09-09
003269.OF,招商招乾3个月A,2016-10-26
003273.OF,安信永丰A,2016-10-10
003277.OF,信诚稳瑞A,2016-09-09
003280.OF,鹏华丰恒,2016-09-22
003285.OF,国寿安保安康纯债,2016-09-02
003286.OF,平安惠享纯债A,2016-10-27
003287.OF,中信保诚稳益A,2016-09-09
003289.OF,创金合信尊泰纯债,2016-10-21
003290.OF,长城久稳,2016-11-11
003309.OF,兴业启元一年A,2016-10-27
003313.OF,中银睿享定期开放,2016-09-22
003314.OF,浙商惠南纯债,2016-11-17
003315.OF,景顺长城政策性金融债,2017-01-25
003324.OF,东方永兴18个月A,2016-11-02
003327.OF,万家鑫璟纯债A,2016-09-18
003329.OF,万家鑫安纯债A,2016-09-18
003337.OF,南方颐元A,2016-09-26
003342.OF,工银瑞信国债纯债A,2016-12-16
003349.OF,长信稳益,2016-10-26
003382.OF,民生加银鑫享A,2016-10-31
003384.OF,金鹰添盈纯债,2017-01-11
003390.OF,江信一年定开,2017-04-17
003394.OF,建信恒安一年定开,2016-11-08
003395.OF,安信尊享,2016-09-29
003400.OF,建信恒瑞一年定开,2016-11-16
003406.OF,南方多元定开,2016-09-29
003407.OF,景顺长城景泰丰利A,2017-01-13
003417.OF,中加丰泽,2016-12-16
003418.OF,华润元大润鑫A,2016-10-17
003419.OF,中欧弘安一年定开,2017-04-07
003424.OF,江信洪福纯债,2016-12-07
003425.OF,江信添福A,2016-11-02
003427.OF,建信恒远一年定开,2016-11-17
003428.OF,中加丰盈,2016-11-02
003438.OF,招商招怡纯债A,2016-11-08
003440.OF,招商招享纯债A,2017-03-17
003442.OF,招商招惠三个月定开A,2016-12-07
003445.OF,中加丰享纯债,2016-11-11
003448.OF,招商招华纯债A,2016-12-21
003450.OF,招商招信3个月A,2017-03-10
003452.OF,招商招盛纯债A,2016-10-26
003454.OF,招商招通纯债A,2016-10-20
003457.OF,国泰润泰纯债,2017-03-01
003461.OF,嘉实稳元纯债,2017-03-09
003486.OF,平安惠隆纯债A,2016-11-23
003487.OF,平安惠融纯债,2016-11-01
003497.OF,银华添泽,2016-11-11
003498.OF,前海联合添和A,2016-12-07
003500.OF,鑫元聚利,2016-10-27
003514.OF,国寿安保安享纯债,2016-10-19
003517.OF,国泰润利纯债,2017-02-27
003518.OF,万家鑫瑞A,2017-06-07
003526.OF,农银汇理金穗3个月,2016-11-07
003527.OF,鹏华丰腾,2016-10-27
003528.OF,汇添富长添利A,2016-12-06
003532.OF,汇添富鑫利定期开放A,2017-03-13
003547.OF,鹏华丰禄,2016-10-27
003549.OF,浙商惠裕纯债,2016-11-07
003564.OF,博时安诚3个月A,2016-11-10
003566.OF,博时臻选纯债,2016-11-07
003568.OF,平安惠利纯债,2016-11-18
003569.OF,招商招丰纯债A,2016-12-07
003571.OF,招商招琪纯债A,2016-12-07
003573.OF,中信建投稳裕定开A,2016-11-07
003574.OF,大成惠利纯债,2016-11-02
003575.OF,大成惠益纯债,2016-11-02
003583.OF,建信稳定鑫利A,2017-01-06
003590.OF,建信睿富纯债,2016-11-25
003605.OF,景顺长城景泰汇利A,2016-11-11
003607.OF,博时富益纯债,2016-11-04
003614.OF,信诚景瑞A,2016-12-07
003618.OF,招商招旺纯债A,2016-11-02
003640.OF,兴业裕丰,2017-01-03
003648.OF,融通通祺,2016-11-10
003651.OF,博时丰达纯债6个月,2016-11-08
003656.OF,民生加银鑫元纯债A,2017-06-21
003660.OF,中加纯债两年A,2016-11-11
003662.OF,鹏华永盛一年定开,2016-12-29
003664.OF,新沃通利A,2016-12-27
003668.OF,东方红益鑫纯债A,2016-11-28
003671.OF,兴业裕恒,2016-11-04
003672.OF,兴业裕华,2016-12-07
003673.OF,中加丰裕纯债,2016-11-28
003674.OF,融通通玺,2016-12-22
003681.OF,建信睿享纯债,2016-11-08
003682.OF,博时安弘一年定开A,2016-11-15
003691.OF,农银汇理金泰一年定期,2016-12-27
003696.OF,国泰润鑫定期开放,2017-07-04
003703.OF,博时富鑫纯债,2016-11-17
003708.OF,博时民丰纯债A,2016-11-30
003728.OF,融通通宸,2016-12-21
003730.OF,博时富华纯债,2016-11-25
003733.OF,金鹰添裕纯债,2016-11-23
003741.OF,鹏华丰盈,2016-11-22
003742.OF,汇安嘉汇A,2016-12-02
003746.OF,广发汇瑞3个月,2016-11-28
003747.OF,万家鑫享纯债A,2017-02-09
003767.OF,泰达宏利纯利A,2016-11-25
003770.OF,中银丰庆,2017-03-20
003776.OF,南方宣利定期开放A,2016-12-06
003787.OF,方正富邦惠利纯债A,2016-12-19
003793.OF,泰达宏利溢利A,2017-01-22
003795.OF,方正富邦睿利纯债A,2016-12-16
003809.OF,招商招顺纯债A,2016-12-07
003811.OF,中金金利A,2016-12-13
003819.OF,广发景华纯债,2016-11-28
003824.OF,天弘信利A,2016-12-16
003832.OF,中银丰润定期开放,2016-12-01
003837.OF,东方臻享纯债A,2016-11-28
003841.OF,大成惠裕,2017-05-15
003847.OF,华安鼎丰,2016-11-30
003852.OF,金鹰添享纯债,2017-02-28
003859.OF,招商招旭纯债A,2016-12-15
003863.OF,招商招祥纯债A,2016-12-07
003866.OF,博时富诚纯债,2017-03-17
003867.OF,招商招景纯债A,2017-03-08
003869.OF,长信稳势纯债,2017-08-18
003888.OF,汇安嘉源纯债,2016-12-22
003891.OF,汇安嘉裕,2016-12-05
003898.OF,永赢丰益,2017-02-16
003922.OF,长盛盛康纯债A,2017-02-13
003926.OF,中融恒信纯债A,2017-08-09
003928.OF,前海联合永兴A,2017-08-14
003929.OF,中银证券安进A,2016-12-05
003949.OF,兴全稳泰A,2016-12-16
003952.OF,兴业嘉瑞6个月定开A,2017-03-20
003963.OF,博时慧选纯债3个月,2016-12-19
003978.OF,中信建投稳祥A,2017-03-03
003983.OF,鹏华丰惠,2016-12-09
003999.OF,富荣富祥纯债,2017-03-09
004001.OF,泰达宏利恒利A,2017-01-22
004020.OF,广发景祥纯债,2017-03-02
004021.OF,广发汇富一年A,2017-02-13
004024.OF,华泰保兴尊诚,2017-02-23
004027.OF,广发景源纯债A,2017-02-17
004030.OF,嘉实丰安6个月定开,2016-12-29
004031.OF,鑫元添利三个月定开债,2017-03-17
004032.OF,工银瑞信丰淳,2017-02-28
004033.OF,金鹰添荣纯债,2017-03-07
004038.OF,中银富享定期开放,2017-03-20
004042.OF,华夏鼎茂A,2017-03-15
004045.OF,金鹰添润定开,2017-02-16
004052.OF,华夏鼎智A,2017-01-20
004059.OF,鑫元招利,2016-12-22
004061.OF,华夏鼎隆A,2017-02-16
004066.OF,嘉实稳熙纯债,2017-03-16
004079.OF,万家鑫丰纯债A,2017-01-18
004087.OF,银华添润,2017-03-07
004089.OF,汇添富鑫瑞A,2016-12-26
004101.OF,国泰民安增益A,2017-08-31
004102.OF,信诚稳悦A,2017-02-10
004104.OF,信诚稳鑫A,2017-03-02
004106.OF,中信保诚稳丰A,2017-01-23
004108.OF,信诚稳泰A,2017-02-16
004117.OF,大成惠祥纯债,2017-02-16
004118.OF,博时裕鹏纯债,2016-12-22
004122.OF,兴银长益三个月定开,2017-03-15
004123.OF,兴银长盈三个月定开,2017-03-15
004124.OF,民生加银鑫升纯债,2017-02-17
004127.OF,鹏华丰康,2017-03-17
004134.OF,农银汇理金安18个月,2017-03-07
004136.OF,博时民泽纯债,2017-01-13
004140.OF,兴业福鑫,2017-03-10
004141.OF,兴业瑞丰6个月,2017-03-23
004168.OF,博时富嘉纯债,2017-01-20
004180.OF,南方宏元定开A,2017-01-18
004196.OF,泓德裕鑫纯债A,2017-05-24
004200.OF,博时富瑞纯债A,2017-03-03
004230.OF,永赢添益,2017-02-27
004238.OF,永赢瑞益,2017-03-02
004242.OF,兴业稳康三年,2017-01-20
004246.OF,德邦锐乾A,2017-01-18
004254.OF,民生加银汇鑫一年A,2017-04-25
004264.OF,海富通瑞合纯债,2017-03-24
004307.OF,博时富元纯债,2017-02-16
004322.OF,创金合信尊隆纯债,2017-02-10
004333.OF,金鹰元盛E,2017-02-14
004334.OF,博时广利纯债3个月,2017-02-16
004366.OF,博时汇享纯债A,2017-02-28
004386.OF,广发汇安18个月A,2017-03-31
004388.OF,鹏华丰享,2017-03-09
004389.OF,大成惠明,2017-06-06
004400.OF,金信民兴A,2017-03-08
004438.OF,鹏华永安18个月,2017-03-16
004441.OF,富荣富兴纯债,2017-03-09
004458.OF,博时华盈纯债,2017-03-09
004459.OF,鑫元瑞利定期开放,2017-03-13
004463.OF,鹏华丰玉,2017-03-10
004464.OF,万家玖盛9个月A,2017-06-07
004469.OF,汇添富鑫益定开A,2017-04-20
004479.OF,博时富和纯债,2017-08-30
004498.OF,鹏华丰源,2017-06-08
004499.OF,鹏华丰瑞,2017-04-25
004503.OF,鹏华永泰18个月,2017-05-25
004504.OF,鹏华永泽18个月,2018-01-24
004544.OF,嘉实稳华纯债,2017-06-14
004555.OF,南方和元A,2017-05-19
004567.OF,新华安享惠泽39个月定开A,2020-03-12
004601.OF,博时富腾纯债,2017-06-27
004602.OF,前海开源润和A,2017-08-14
004627.OF,上投摩根岁岁益A,2018-01-25
004629.OF,国寿安保安瑞纯债,2017-06-12
004630.OF,平安合信3个月定开债,2019-12-16
004632.OF,平安合意定期开放,2019-01-24
004637.OF,华夏鼎兴A,2018-01-12
004639.OF,华夏恒慧一年定开,2020-04-17
004655.OF,汇添富鑫汇A,2017-06-23
004681.OF,万家安弘A,2017-08-18
004689.OF,博时丰庆纯债,2017-08-23
004705.OF,南方祥元A,2017-08-03
004722.OF,中银丰和定期开放,2017-06-23
004723.OF,中银丰实定期开放,2017-06-21
004728.OF,中欧瑾泰A,2017-08-09
004736.OF,富国鼎利三个月定开债,2017-06-28
004767.OF,中银智享,2018-02-01
004797.OF,国寿安保安盛纯债3个月,2017-12-26
004800.OF,浦银安盛盛通,2017-12-28
004821.OF,国寿安保安吉纯债半年,2017-08-22
004825.OF,平安惠泽,2017-07-14
004826.OF,平安惠悦,2017-09-12
004831.OF,汇添富鑫泽定期开放A,2018-03-08
004838.OF,信达澳银安益纯债,2018-03-06
004844.OF,中银利享,2017-12-26
004850.OF,中欧弘涛A,2017-09-01
004859.OF,泰康年年红一年定开,2017-08-30
004882.OF,中银丰荣,2018-01-10
004887.OF,长信稳通三个月定开,2017-11-03
004893.OF,华润元大润泽A,2018-06-06
004897.OF,长安泓源纯债A,2017-07-27
004899.OF,中银信享定期开放,2017-09-29
004910.OF,中加颐享纯债,2017-07-27
004911.OF,中加纯债定期开放A,2017-07-20
004919.OF,兴全兴泰定期开放,2017-08-31
004920.OF,富国泓利纯债A,2017-07-25
004921.OF,华夏鼎瑞三个月A,2017-10-17
004923.OF,华夏鼎祥三个月A,2017-10-18
004940.OF,中加聚鑫纯债一年A,2017-09-15
004954.OF,中银证券中高等级A,2019-01-25
004956.OF,中银证券安誉A,2018-03-29
004960.OF,平安合泰定期开放,2019-03-19
004978.OF,富国聚利纯债三个月,2017-08-10
004979.OF,华夏鼎诺三个月A,2017-10-13
005024.OF,南方兴利半年,2017-09-12
005047.OF,南华瑞扬纯债A,2017-12-26
005054.OF,泰康瑞坤纯债,2017-12-27
005068.OF,长信富海纯债一年A,2017-08-16
005069.OF,长信富民纯债一年A,2017-08-16
005070.OF,长江乐丰纯债定期开放,2017-08-22
005072.OF,中银丰进定期开放,2017-11-27
005073.OF,永赢永益A,2017-09-07
005077.OF,平安合韵定开纯债,2018-04-26
005124.OF,易方达恒益,2017-10-25
005127.OF,平安合正定开纯债,2018-01-19
005158.OF,长江乐盈定期开放,2017-11-24
005159.OF,华泰保兴尊合A,2017-11-21
005171.OF,富国景利纯债,2017-11-09
005172.OF,泰康安悦纯债,2017-11-01
005200.OF,浦银安盛普瑞纯债A,2018-12-13
005208.OF,国寿安保安裕纯债半年,2017-11-14
005213.OF,华夏鼎旺三个月A,2018-02-01
005234.OF,广发汇吉3个月,2018-01-29
005277.OF,海富通融丰定期开放,2018-02-11
005286.OF,银华岁丰定期开放,2018-02-11
005289.OF,融通通昊三个月定期开放,2018-04-17
005307.OF,财通资管鸿达纯债A,2018-01-24
005309.OF,中银证券汇嘉定期开放,2018-03-26
005315.OF,泰达宏利交利3个月A,2017-12-27
005321.OF,中银证券汇宇定期开放,2017-11-17
005322.OF,中银丰禧,2017-12-27
005327.OF,景顺长城景泰稳利A,2017-12-26
005336.OF,中加颐慧三个月A,2017-11-17
005338.OF,兴业3个月定开,2018-06-06
005340.OF,兴业6个月定期开放,2017-12-29
005345.OF,长安泓润纯债A,2018-06-06
005361.OF,中融聚商3个月定开,2018-03-08
005362.OF,中银证券安源A,2018-12-26
005364.OF,华夏鼎顺三个月定开A,2018-08-06
005366.OF,上投摩根丰瑞A,2017-11-27
005369.OF,富国臻利纯债定开,2018-04-12
005375.OF,建信睿和纯债定开,2018-02-02
005377.OF,华安鼎瑞定期开放,2017-12-13
005378.OF,前海联合泓元纯债,2017-12-06
005383.OF,富国绿色纯债,2018-01-26
005384.OF,银河铭忆3个月,2017-12-20
005388.OF,兴业安弘3个月,2017-12-29
005393.OF,南方卓利3个月定开A,2018-01-19
005398.OF,鹏扬淳优一年定开,2018-01-19
005407.OF,华夏鼎泰六个月定开A,2018-04-13
005410.OF,汇添富鑫盛定期开放A,2018-04-16
005419.OF,中欧聚瑞A,2018-08-02
005423.OF,浙商汇金聚禄一年A,2018-08-06
005425.OF,民生加银睿通3个月,2019-01-30
005426.OF,光大尊丰纯债定期开放,2019-08-01
005427.OF,渤海汇金汇增利3个月,2017-12-28
005428.OF,渤海汇金汇添益3个月,2017-12-28
005431.OF,上银聚增富定期开放,2017-12-27
005432.OF,上银聚鸿益三个月定开,2018-07-20
005435.OF,国投瑞银顺银6个月,2018-02-23
005436.OF,圆信永丰兴瑞6个月,2018-06-11
005439.OF,易方达恒安,2018-05-15
005442.OF,兴业安和6个月,2018-03-02
005446.OF,鑫元广利定期开放,2017-12-13
005448.OF,诺安联创顺鑫A,2018-05-17
005451.OF,鹏扬双利A,2018-02-13
005455.OF,建信睿丰纯债定开,2018-03-14
005462.OF,博时富业纯债3个月,2018-07-02
005465.OF,华泰紫金智惠定开A,2019-04-15
005467.OF,华泰紫金智盈A,2018-03-15
005469.OF,南方浙利,2018-03-09
005470.OF,南方乾利,2018-03-09
005476.OF,南方涪利,2018-04-12
005485.OF,海富通恒丰,2018-04-13
005488.OF,天弘尊享定开,2017-12-25
005497.OF,鑫元永利,2019-05-09
005500.OF,银华岁盈定期开放,2018-07-25
005501.OF,华安安逸半年定开,2018-03-15
005507.OF,永赢丰利A,2018-01-29
005525.OF,工银瑞信瑞祥定开,2018-06-11
005527.OF,中信建投山西国有企业债A,2018-09-13
005529.OF,银华华茂,2018-05-25
005531.OF,华安安悦A,2018-03-06
005547.OF,诺安圆鼎定期开放,2018-01-23
005548.OF,诺安鑫享定期开放,2018-02-07
005556.OF,汇安裕华纯债,2018-02-07
005573.OF,东吴悦秀纯债A,2018-04-23
005575.OF,长信稳鑫三个月定开,2018-01-19
005577.OF,交银丰晟收益A,2018-05-23
005579.OF,光大晟利A,2018-08-01
005590.OF,汇添富鑫永定期开放A,2018-01-25
005594.OF,招商添润3个月定开A,2018-01-17
005606.OF,招商招鸿6个月定开,2018-03-15
005610.OF,中银泰享定期开放,2018-03-21
005611.OF,中银证券汇享定期开放,2018-05-29
005617.OF,中信保诚嘉鑫3个月定开,2018-01-30
005622.OF,博时富安纯债3个月,2018-02-02
005625.OF,南华瑞鑫定开,2018-03-15
005631.OF,博时富乾纯债3个月,2018-02-08
005637.OF,中融聚业3个月,2018-10-17
005641.OF,国投瑞银顺源6个月,2018-02-07
005645.OF,华泰保兴尊信定开纯债,2018-02-06
005647.OF,广发汇佳,2018-03-12
005648.OF,招商添琪3个月定开A,2018-03-01
005654.OF,天弘悦享定开,2018-05-14
005655.OF,诺安浙享定期开放,2018-09-27
005666.OF,上银慧佳盈,2018-05-17
005667.OF,易方达富财纯债,2018-10-26
005670.OF,嘉实致兴定开纯债,2018-06-08
005677.OF,安信永盛,2018-03-30
005678.OF,安信尊享添益A,2018-03-14
005684.OF,财通资管鸿睿12个月A,2018-08-10
005690.OF,中银安享,2018-11-26
005703.OF,永赢增益A,2018-03-06
005705.OF,永赢恒益,2018-05-14
005709.OF,华安鼎益A,2018-11-02
005710.OF,兴业嘉润3个月,2018-03-08
005712.OF,兴全祥泰定期开放,2018-03-16
005713.OF,中融季季红定期开放A,2018-03-23
005715.OF,人保纯债一年定开A,2018-03-23
005718.OF,长信富瑞两年定开债A,2019-09-04
005719.OF,招商招诚半年定开,2018-09-20
005720.OF,前海开源乾盛A,2018-03-15
005722.OF,前海联合泓瑞,2018-03-07
005723.OF,中融聚安3个月定开,2018-04-10
005731.OF,财通资管睿智6个月,2018-03-15
005736.OF,中欧兴华定开,2018-10-17
005740.OF,易方达恒信,2018-03-27
005745.OF,广发汇康,2018-04-16
005749.OF,银河庭芳3个月,2018-03-14
005750.OF,平安双债添益A,2018-06-04
005752.OF,金鹰添盛定开,2018-09-26
005753.OF,泰达宏利金利3个月,2018-03-19
005766.OF,平安合瑞,2018-03-26
005772.OF,工银瑞信瑞景定开,2018-06-07
005778.OF,广发汇元纯债定开,2018-03-30
005779.OF,鑫元常利定期开放,2018-03-22
005780.OF,鑫元增利定开,2018-05-25
005781.OF,华富富瑞3个月,2018-03-29
005782.OF,创金合信汇益A,2018-06-26
005784.OF,创金合信汇誉A,2018-06-26
005786.OF,中邮纯债汇利三个月,2018-09-21
005790.OF,银河景行3个月定开,2018-06-13
005791.OF,华夏鼎福三个月A,2018-09-21
005816.OF,国泰农惠定期开放,2019-03-20
005817.OF,金元顺安沣顺定开,2018-04-23
005818.OF,金元顺安沣泰定开,2018-05-09
005820.OF,博时富兴纯债3个月,2018-04-12
005822.OF,国富恒裕6个月,2018-04-10
005828.OF,长江乐越定开,2018-04-12
005831.OF,鹏华尊悦3个月,2018-05-09
005836.OF,创金合信泰盈双季红6个月定开债A,2019-10-16
005841.OF,富国尊利纯债定开,2018-04-26
005842.OF,海富通弘丰定开,2018-11-02
005845.OF,长城久荣纯债定开,2018-06-13
005846.OF,宝盈盈泰A,2018-06-20
005849.OF,鑫元合利,2018-04-19
005853.OF,财通聚利纯债,2018-09-26
005854.OF,财通汇利纯债,2018-06-26
005857.OF,汇添富鑫成定期开放A,2018-04-26
005862.OF,华夏鼎禄三个月定开A,2018-10-11
005864.OF,国投瑞银顺达,2018-06-07
005871.OF,天弘荣享定期开放,2018-06-25
005872.OF,太平恒利纯债,2018-06-15
005879.OF,中加颐兴定期开放,2018-06-08
005884.OF,平安合悦定开,2018-06-27
005890.OF,先锋博盈纯债A,2019-08-14
005892.OF,先锋汇盈A,2018-09-06
005895.OF,平安合丰定开纯债,2018-07-16
005896.OF,平安合慧定开,2018-06-20
005897.OF,平安合颖定开纯债,2018-09-19
005898.OF,浦银安盛盛泽定开,2018-09-26
005917.OF,广发汇誉3个月定开,2018-06-20
005920.OF,富国颐利纯债,2018-08-20
005921.OF,农银汇理金鑫3个月,2018-05-03
005931.OF,中融恒裕纯债A,2018-10-26
005936.OF,申万菱信安泰惠利A,2018-08-16
005951.OF,民生加银恒益纯债A,2018-06-14
005964.OF,中欧安财定开,2018-05-15
005971.OF,平安惠锦纯债,2018-10-17
005972.OF,交银裕如纯债A,2018-05-25
005988.OF,兴业纯债6个月定开A,2018-06-27
005995.OF,国投瑞银顺泓定开,2018-06-26
005996.OF,国投瑞银顺昌纯债,2018-09-06
006011.OF,中信保诚稳鸿A,2018-05-31
006016.OF,平安惠安纯债,2018-06-04
006019.OF,广发景智纯债,2018-11-07
006023.OF,宝盈聚丰两年定开A,2019-09-27
006026.OF,东吴鼎泰,2018-11-02
006027.OF,国投瑞银顺祥定期开放,2018-10-17
006029.OF,鹏华尊享6个月,2018-06-20
006032.OF,创金合信汇泽纯债三个月,2019-09-12
006035.OF,中融恒惠纯债A,2018-12-27
006037.OF,国泰瑞和纯债,2018-08-30
006040.OF,安信永瑞定开,2018-06-01
006043.OF,永赢惠益A,2018-06-15
006045.OF,长城久瑞三个月定开债,2019-08-28
006053.OF,中航瑞景3个月A,2018-08-28
006055.OF,鹏扬淳合,2018-06-21
006066.OF,中加颐睿纯债A,2018-07-25
006068.OF,中加颐信纯债A,2018-06-14
006070.OF,银河沃丰,2018-09-14
006071.OF,银河睿嘉A,2018-06-14
006082.OF,鑫元全利A,2018-10-25
006086.OF,银河睿丰定开,2018-11-20
006088.OF,永赢润益A,2018-08-16
006090.OF,前海开源鼎康A,2018-08-02
006092.OF,永赢荣益A,2018-09-13
006094.OF,永赢泰益A,2018-06-25
006096.OF,中金浙金6个月定开,2018-06-21
006097.OF,平安高等级债A,2019-05-29
006099.OF,泰达宏利泽利3个月,2018-09-20
006107.OF,招商添利6个月定开A,2018-06-27
006112.OF,易方达恒惠定期开放,2018-06-26
006116.OF,国泰丰祺纯债,2018-11-16
006120.OF,中融聚明3个月定开,2018-12-07
006134.OF,富国金融债,2018-09-14
006135.OF,长江乐鑫纯债定开,2018-08-16
006137.OF,广发汇立定期开放,2018-12-13
006142.OF,鑫元淳利定期开放,2018-07-11
006145.OF,前海开源鼎欣A,2018-08-16
006149.OF,南方赢元,2018-09-17
006150.OF,招商添利两年定期开放,2018-09-20
006151.OF,南方交元,2018-12-13
006152.OF,国联安增鑫纯债A,2019-01-03
006164.OF,融通通捷,2018-11-15
006169.OF,工银瑞信瑞福纯债A,2018-11-07
006171.OF,鹏扬淳利定期开放,2018-08-09
006172.OF,万家鑫悦纯债A,2018-08-20
006174.OF,长信稳裕三个月,2018-08-31
006177.OF,中信保诚稳达A,2018-08-31
006180.OF,中加颐合纯债,2018-09-13
006183.OF,南方泽元,2018-09-14
006184.OF,格林泓鑫A,2018-10-29
006186.OF,永赢盈益A,2018-08-30
006188.OF,华泰保兴尊颐定开,2018-07-26
006191.OF,华夏鼎通A,2018-10-23
006203.OF,前海联合泳祺纯债A,2018-09-06
006206.OF,融通增悦,2018-09-14
006210.OF,东方臻宝纯债A,2018-08-08
006212.OF,东方臻选纯债A,2018-08-24
006219.OF,海富通鼎丰定开,2018-11-02
006222.OF,平安惠兴,2018-08-02
006237.OF,永赢嘉益,2018-09-26
006242.OF,宝盈盈润纯债,2019-08-16
006264.OF,平安惠轩,2018-09-06
006275.OF,永赢聚益A,2018-08-28
006284.OF,浙商兴永纯债定开,2019-04-24
006287.OF,永赢盛益A,2018-09-14
006300.OF,华宝宝丰高等级A,2018-08-30
006304.OF,中加颐鑫纯债,2018-09-14
006316.OF,平安惠诚纯债,2019-01-31
006325.OF,招商添荣3个月定开A,2018-11-22
006332.OF,招商金鸿A,2018-11-02
006337.OF,华安安浦A,2018-09-06
006358.OF,前海联合泳盛纯债A,2019-01-10
006367.OF,交银裕祥纯债A,2018-09-26
006378.OF,广发汇宏6个月定开,2019-05-14
006383.OF,招商添盈纯债A,2019-01-07
006393.OF,招商添德3个月定开A,2018-09-12
006404.OF,浦银安盛盛融定开,2018-12-12
006405.OF,华富恒盛纯债A,2018-11-20
006411.OF,中加颐智纯债,2018-11-29
006412.OF,平安合锦定开,2018-09-21
006421.OF,中银弘享,2018-11-29
006422.OF,嘉合磐稳纯债A,2018-11-22
006427.OF,招商添悦纯债A,2018-10-26
006431.OF,汇安鼎利纯债A,2019-03-20
006443.OF,永赢裕益A,2018-10-12
006450.OF,嘉实致盈,2018-11-02
006453.OF,中加瑞利纯债A,2018-12-26
006461.OF,人保福泽纯债一年定开,2018-12-12
006464.OF,浦银安盛普益纯债A,2018-11-08
006468.OF,嘉实稳联纯债,2019-05-30
006470.OF,工银瑞信目标收益一年A,2018-09-25
006475.OF,国泰嘉睿纯债,2018-10-11
006489.OF,招商添裕纯债A,2019-02-13
006495.OF,国联安增富一年定开纯债,2018-11-14
006498.OF,中科沃土沃盛纯债A,2019-12-12
006504.OF,广发汇承定期开放,2018-10-19
006505.OF,永赢祥益A,2018-10-12
006508.OF,国联安增裕一年定开纯债,2018-11-22
006509.OF,国联安增盈纯债A,2019-05-08
006513.OF,鹏扬淳享A,2018-12-12
006544.OF,平安惠聚纯债,2019-01-22
006549.OF,国金惠盈纯债A,2019-04-03
006552.OF,广发汇兴3个月定开,2018-10-29
006558.OF,永赢通益A,2018-11-22
006563.OF,安信优享纯债,2018-12-07
006565.OF,光大尊泰三年定开债,2019-12-05
006570.OF,中金金元A,2018-11-08
006576.OF,永赢诚益A,2018-11-07
006582.OF,博时富永纯债3个月,2018-12-19
006583.OF,中信保诚景泰A,2018-12-26
006588.OF,中加聚利纯债定开A,2018-11-27
006596.OF,国泰聚禾纯债,2018-11-14
006599.OF,国寿安保安丰纯债,2018-11-29
006612.OF,银华信用精选一年,2018-12-05
006613.OF,富荣富金专项金融债纯债,2019-02-18
006617.OF,工银瑞信瑞泽定开,2019-07-18
006625.OF,汇安嘉鑫纯债,2018-11-26
006631.OF,鑫元臻利A,2019-01-25
006635.OF,永赢伟益,2018-12-13
006636.OF,华富恒欣纯债A,2019-05-06
006638.OF,人保鑫盛纯债A,2018-12-25
006640.OF,中金新元六个月A,2018-11-15
006653.OF,南方畅利定期开放,2018-12-19
006660.OF,永赢昌益A,2018-11-29
006665.OF,华夏鼎康A,2019-01-24
006667.OF,南华瑞元定期开放,2019-04-11
006670.OF,广发景秀纯债,2019-03-21
006681.OF,景顺长城景泰聚利纯债,2018-12-07
006686.OF,人保安惠三个月定开,2018-12-05
006706.OF,中融聚汇3个月定开,2019-08-21
006707.OF,永赢宏益A,2018-12-05
006714.OF,博时富源纯债,2019-03-04
006715.OF,东方永泰纯债1年定开A,2019-01-18
006722.OF,天弘穗利一年定开A,2019-01-30
006725.OF,国泰丰盈纯债,2018-12-19
006731.OF,方正富邦富利纯债A,2018-12-05
006737.OF,诺安恒惠,2019-05-23
006742.OF,南方臻元,2019-02-26
006747.OF,东海祥利纯债,2018-12-28
006750.OF,富国德利纯债定开,2019-03-07
006754.OF,鑫元悦利定期开放,2019-04-30
006758.OF,农银汇理金禄,2018-12-21
006761.OF,银河家盈,2018-12-14
006762.OF,国泰聚享纯债,2018-12-13
006764.OF,景顺长城景泰鑫利纯债,2019-01-21
006767.OF,银河嘉裕纯债,2018-12-25
006771.OF,永赢合益,2019-03-07
006776.OF,华夏鼎略A,2019-01-25
006782.OF,国泰信利三个月定开,2019-03-25
006788.OF,金鹰添鑫定期开放,2018-12-26
006789.OF,中信保诚景丰A,2019-01-15
006791.OF,建信睿兴纯债,2019-04-26
006795.OF,国泰裕祥三个月定开,2019-09-02
006811.OF,大成景盈,2019-06-24
006812.OF,大成惠福纯债,2019-07-18
006826.OF,华宝宝裕纯债A,2019-03-07
006827.OF,中加瑞鑫纯债,2019-01-17
006828.OF,银河久泰纯债,2019-09-19
006838.OF,鑫元荣利三个月定开,2019-01-24
006841.OF,嘉实致享纯债,2019-01-28
006842.OF,南方国利六个月,2019-01-10
006846.OF,中银福建国有企业债A,2019-06-25
006850.OF,永赢颐利,2019-01-18
006853.OF,中银汇享,2019-09-04
006854.OF,人保鑫泽纯债A,2019-04-03
006856.OF,银河丰泰3个月定开,2019-05-21
006869.OF,广发政策性金融债,2019-08-14
006884.OF,汇添富AAA级信用纯债A,2019-02-22
006889.OF,平安惠鸿纯债,2019-01-31
006901.OF,上银慧祥利A,2019-01-24
006913.OF,南方华元A,2019-02-25
006915.OF,南方亨元A,2019-03-01
006919.OF,国寿安保泰和纯债,2019-02-20
006927.OF,浙商汇金聚鑫定期开放,2019-03-25
006929.OF,博时富融纯债,2019-01-29
006934.OF,平安3-5年期政策性金融债A,2019-01-31
006936.OF,华安安盛3个月定开,2019-01-25
006941.OF,国泰惠盈纯债,2019-03-07
006944.OF,永赢悦利,2019-05-09
006946.OF,宝盈聚享纯债定期开放,2019-05-08
006949.OF,前海开源乾利3个月定开,2019-01-29
006953.OF,华安安业A,2019-07-31
006955.OF,国泰惠富纯债,2019-03-15
006956.OF,鹏华永润一年定开,2019-03-21
006958.OF,鹏华永融一年定开,2019-03-12
006963.OF,中加颐瑾六个月定开A,2019-07-12
006970.OF,广发景利,2019-07-24
006974.OF,金鹰鑫日享A,2019-03-20
006978.OF,泰康安欣纯债A,2019-09-17
006980.OF,国寿安保泰恒纯债,2019-06-27
006984.OF,兴全恒瑞三个月定开,2019-06-21
006985.OF,兴全恒裕,2019-03-12
006986.OF,平安季添盈三个月A,2019-03-05
006993.OF,鑫元承利三个月定开,2019-03-01
006994.OF,国泰瑞安三个月定开,2019-05-30
006995.OF,南方惠利6个月定开A,2019-03-26
006997.OF,平安惠添纯债,2019-06-21
007003.OF,泰康安业政策性金融债A,2019-05-27
007008.OF,中邮纯债优选一年A,2019-06-14
007023.OF,中银证券安泽A,2019-05-15
007025.OF,南方鑫利3个月定开,2019-03-25
007037.OF,海富通聚合纯债,2019-10-31
007050.OF,鑫元恒利三个月定开,2019-07-05
007053.OF,平安季开鑫三个月定开A,2019-08-14
007061.OF,中加聚盈四个月定开A,2019-05-29
007068.OF,浦银安盛普丰纯债A,2019-09-10
007086.OF,永赢汇利六个月定开债,2019-10-14
007087.OF,财通景利纯债,2019-07-19
007088.OF,民生加银恒裕,2019-05-23
007091.OF,东兴兴福一年定开,2019-04-10
007102.OF,民生加银添鑫纯债A,2019-08-14
007104.OF,易方达恒利3个月定开,2019-04-04
007105.OF,国泰丰鑫纯债,2019-09-17
007116.OF,华宝政策性金融债,2019-09-06
007117.OF,华泰紫金丰泰纯债A,2019-05-30
007121.OF,中加裕盈纯债,2019-04-18
007145.OF,泰康安和纯债6个月,2019-05-15
007158.OF,平安合盛定期开放,2019-05-10
007161.OF,南方恒庆一年定开A,2019-05-21
007167.OF,华安安和A,2019-11-19
007173.OF,招商添旭3个月定开A,2019-04-10
007175.OF,中融聚通3个月定开债,2019-11-22
007179.OF,浙商丰顺纯债,2019-12-19
007184.OF,蜂巢添鑫纯债A,2019-04-24
007189.OF,南华价值启航纯债A,2019-11-22
007196.OF,平安惠合纯债,2019-12-18
007199.OF,永赢泰利A,2019-04-11
007201.OF,民生加银聚益纯债,2019-07-05
007206.OF,银华丰华三个月定开,2019-09-17
007212.OF,山西证券裕泰3个月定开,2019-05-30
007213.OF,华安安平6个月定开,2019-06-06
007214.OF,国泰惠丰纯债,2019-08-05
007215.OF,国寿安保泰荣纯债,2019-04-25
007220.OF,天弘华享三个月定开,2019-06-19
007224.OF,浙商惠泉3个月定开A,2019-12-26
007256.OF,广发汇阳三个月,2019-11-21
007260.OF,国投瑞银顺祺,2019-07-09
007264.OF,人保中高等级信用债A,2019-08-14
007268.OF,山西证券裕睿6个月A,2019-06-03
007278.OF,国泰兴富三个月定开,2019-07-26
007279.OF,永赢众利,2019-07-11
007286.OF,中邮纯债裕利三个月,2019-04-26
007292.OF,民生加银兴盈,2019-05-21
007295.OF,天弘安益A,2019-05-14
007302.OF,华宝宝盛纯债,2019-04-26
007309.OF,鹏华9-10年利率债A,2019-05-09
007311.OF,方正富邦添利A,2019-10-31
007321.OF,鹏华金利,2019-08-02
007323.OF,永赢久利,2019-12-05
007327.OF,前海联合泳辉纯债A,2019-07-05
007329.OF,上投摩根瑞益纯债A,2019-11-26
007331.OF,国泰惠融纯债,2019-08-05
007332.OF,嘉合磐昇纯债A,2019-11-15
007336.OF,汇安嘉盛纯债A,2020-01-17
007342.OF,国投瑞银顺臻纯债,2019-08-21
007347.OF,永赢昌利A,2019-07-24
007351.OF,永赢同利A,2019-07-18
007358.OF,前海联合泳益纯债A,2019-05-23
007370.OF,华安安嘉6个月定开,2019-10-10
007371.OF,国联安增瑞政策性金融债A,2019-05-23
007373.OF,永赢卓利,2019-05-09
007374.OF,永赢淳利,2019-10-17
007375.OF,西部利得聚利6个月定开A,2019-07-16
007377.OF,西部利得聚享一年定开A,2019-06-27
007391.OF,申万菱信安泰丰利A,2019-08-30
007396.OF,广发景辉纯债,2019-12-04
007403.OF,银河睿安,2019-06-24
007406.OF,银河睿鑫纯债,2019-12-26
007408.OF,鹏扬淳开A,2019-11-06
007417.OF,泰康信用精选A,2019-09-04
007419.OF,国寿安保泰弘纯债,2019-07-23
007420.OF,华安鼎信3个月定开,2019-05-15
007425.OF,浙商汇金中高等级三个月A,2019-06-21
007427.OF,永赢凯利,2019-05-17
007429.OF,鹏扬淳盈6个月A,2019-06-21
007432.OF,华泰保兴久盈63个月定开,2020-08-24
007433.OF,兴银合丰政策性金融债,2019-08-09
007435.OF,华宝宝怡纯债,2019-05-15
007437.OF,中金新润3个月A,2020-01-21
007440.OF,南方旭元A,2019-06-24
007445.OF,国投瑞银顺悦3个月定开,2019-12-31
007447.OF,平安惠泰,2019-06-05
007451.OF,易方达恒兴3个月定开,2019-10-15
007454.OF,民生加银嘉盈,2019-11-07
007459.OF,浙商惠睿纯债,2020-02-05
007461.OF,德邦锐泓A,2019-09-17
007476.OF,中银惠兴多利A,2020-02-07
007478.OF,中加恒泰三个月定开,2019-07-31
007480.OF,中加优享纯债,2020-01-20
007482.OF,永赢智益纯债三个月,2019-06-17
007488.OF,万家民安增利12个月A,2019-07-31
007492.OF,上银政策性金融债,2019-12-19
007496.OF,农银汇理丰泽三年定开债,2019-08-26
007500.OF,鹏华尊诚3个月,2019-06-11
007503.OF,上投摩根瑞利纯债A,2019-08-28
007510.OF,南方泰元A,2019-07-11
007513.OF,博时富丰3个月定开,2019-06-26
007516.OF,融通增润三个月定期开放,2019-11-08
007517.OF,博时富淳纯债3个月定开,2019-07-18
007520.OF,富安达富利纯债,2019-07-23
007525.OF,易方达年年恒夏纯债一年定开A,2019-07-11
007532.OF,国泰盛合三个月定开债,2019-10-25
007535.OF,中欧盈和5年定开债,2019-07-11
007536.OF,博时富乐纯债,2019-09-17
007537.OF,景顺长城景泰盈利纯债,2019-06-26
007540.OF,华泰保兴安悦,2019-07-11
007544.OF,鹏华尊晟3个月,2019-06-19
007545.OF,太平恒安三个月定开,2019-06-27
007546.OF,融通增享纯债,2019-11-08
007551.OF,鑫元泽利,2019-09-02
007554.OF,财通恒利纯债,2019-09-02
007555.OF,中航瑞明A,2020-04-10
007557.OF,中加优选中高等级A,2019-12-05
007559.OF,鑫元富利三个月定开债,2019-11-13
007560.OF,中融恒鑫纯债A,2019-08-20
007562.OF,景顺长城景泰纯利,2019-10-21
007563.OF,兴银汇逸三个月定开债,2019-07-18
007564.OF,鹏扬淳明A,2019-12-25
007566.OF,中银宁享,2020-03-06
007567.OF,南方恒新39个月定开债A,2019-07-31
007572.OF,中加民丰纯债,2019-07-26
007573.OF,农银丰盈定开债,2019-12-04
007576.OF,华夏鼎琪三个月定期开放,2019-07-24
007584.OF,鹏华丰鑫,2019-09-20
007585.OF,工银瑞弘3个月定开,2019-11-19
007587.OF,浙商丰裕纯债A,2019-12-19
007589.OF,嘉实致元42个月定开,2019-08-05
007591.OF,华夏恒益18个月定开,2019-09-04
007595.OF,招商添泽A,2020-03-18
007598.OF,广发民玉纯债,2020-01-20
007600.OF,泰康润颐63个月,2020-07-27
007601.OF,人保利璟纯债A,2019-08-14
007607.OF,人保添利9个月定开债A,2019-11-06
007609.OF,汇安嘉诚A,2019-08-09
007611.OF,汇安裕和纯债A,2020-03-20
007616.OF,富国投资级信用债A,2019-09-26
007619.OF,中欧润逸63个月定开,2020-07-29
007622.OF,中欧滚利一年滚动持有A,2019-11-27
007624.OF,华安年年丰A,2019-08-21
007640.OF,泰达宏利永利,2019-09-04
007641.OF,泰达宏利鑫利半年定开A,2019-08-16
007644.OF,华宝宝润纯债,2019-10-17
007645.OF,平安季享裕定开A,2019-09-04
007659.OF,博时富汇纯债3个月定开,2019-08-16
007670.OF,嘉实商业银行精选,2019-11-19
007676.OF,蜂巢添汇纯债A,2019-08-12
007680.OF,中加享利三年定开,2019-08-29
007681.OF,鹏华丰登,2019-08-14
007682.OF,鹏华锦利两年定开,2019-09-04
007683.OF,华商转债精选A,2020-09-29
007691.OF,永赢泽利一年定开,2020-08-24
007692.OF,永赢鼎利A,2020-09-18
007699.OF,建信荣禧一年定开债,2019-12-13
007701.OF,国联安6个月A,2019-09-06
007703.OF,万家鑫盛纯债A,2019-08-09
007706.OF,南方聪元A,2019-09-02
007710.OF,格林泓泰三个月定开A,2019-09-26
007712.OF,中银康享3个月定开,2019-08-26
007714.OF,南方贺元利率债A,2019-08-30
007716.OF,嘉实致华纯债,2019-11-07
007719.OF,永赢元利A,2020-02-28
007723.OF,鹏华锦润86个月定开,2020-07-22
007736.OF,民生加银聚鑫三年定开,2019-09-04
007738.OF,淳厚稳惠债券A,2019-11-20
007740.OF,天弘信益A,2019-08-23
007744.OF,长盛安逸纯债A,2020-01-20
007756.OF,财通久利三个月定开,2019-09-06
007757.OF,国投瑞银顺业纯债,2019-12-26
007758.OF,平安乐享一年定开A,2019-09-04
007761.OF,鑫元安睿三年定开债,2019-08-26
007767.OF,华泰保兴尊享三个月定开,2019-09-02
007768.OF,信达澳银安盛纯债,2019-12-26
007769.OF,东兴兴瑞一年定开,2019-09-06
007772.OF,浦银安盛盛煊3个月定开债,2019-08-07
007778.OF,广发景富纯债,2019-10-24
007830.OF,建信荣瑞一年定开,2019-11-20
007836.OF,泰康润和两年定开债,2019-12-25
007837.OF,国寿安保尊耀纯债A,2019-10-22
007852.OF,工银瑞安3个月定开债,2019-12-25
007859.OF,平安5-10年期政策性金融债A,2019-11-21
007867.OF,华泰柏瑞锦泰一年定开,2019-09-17
007870.OF,鹏华尊信3个月,2019-08-29
007871.OF,国泰惠享三个月定开,2019-12-06
007877.OF,惠升和风纯债A,2019-10-29
007888.OF,农银汇理金盈,2019-09-17
007889.OF,浦银安盛盛诺3个月定开债,2019-09-10
007890.OF,银河聚星两年定开,2019-12-18
007908.OF,招商添韵3个月定开A,2019-11-06
007913.OF,财通资管丰和两年定开债A,2019-12-04
007928.OF,中加享润两年定期开放,2019-11-29
007930.OF,淳厚稳鑫A,2020-06-30
007935.OF,平安惠澜纯债A,2019-12-11
007941.OF,恒生前海恒扬纯债A,2019-12-04
007948.OF,汇添富盛安39个月定开,2019-09-24
007949.OF,富国泽利纯债,2020-03-10
007953.OF,平安惠文纯债,2019-12-17
007954.OF,平安惠涌纯债,2019-12-16
007957.OF,华宝宝惠39个月定开债,2019-11-08
007958.OF,华泰柏瑞益通三个月定开债,2019-11-15
007967.OF,大成惠嘉一年,2019-12-09
007970.OF,国寿安保安泽39个月定开,2019-11-13
007979.OF,万家惠享39个月定开债,2019-11-28
007981.OF,红塔红土瑞祥纯债A,2019-12-30
007985.OF,博时富悦纯债,2019-11-28
007986.OF,嘉实致禄3个月定开,2019-12-04
007987.OF,鹏华丰庆,2019-10-17
007988.OF,融通通恒63个月定开A,2020-08-07
007990.OF,富国汇远三年定开债A,2019-11-26
007996.OF,博时富顺纯债,2019-10-31
007997.OF,易方达年年恒秋纯债一年定开A,2019-10-31
007999.OF,国联安恒利63个月定期开放A,2019-11-07
008002.OF,银华稳晟39个月定开,2019-11-05
008003.OF,大成通嘉三年定开A,2019-11-25
008007.OF,安信睿享纯债,2020-01-08
008012.OF,前海联合淳丰87个月定开债A,2020-08-26
008014.OF,天弘鑫利三年定开债,2019-11-29
008017.OF,国泰惠信三年定开,2019-10-31
008018.OF,华富安兴39个月定开债A,2019-10-31
008027.OF,工银泰和39个月定开A,2020-07-08
008028.OF,申万菱信安泰广利63个月定开,2020-10-21
008030.OF,农银汇理金益,2019-11-14
008031.OF,创金合信汇嘉三个月定开,2019-12-09
008032.OF,海富通裕昇三年定开债,2020-04-09
008039.OF,南方创利3个月定开债,2020-01-02
008040.OF,鹏华0-5年利率债,2019-12-20
008046.OF,中融睿嘉39个月定开A,2019-11-26
008048.OF,中融睿享86个月定期开放A,2019-10-31
008064.OF,建信睿信三个月定开债,2019-12-31
008081.OF,汇添富鑫远,2019-12-04
008102.OF,中金鑫福87个月定开,2020-08-03
008104.OF,中金鑫裕1年定开A,2019-12-18
008111.OF,银华信用精选18个月,2020-02-20
008117.OF,博时稳欣39个月定开债,2019-11-19
008118.OF,嘉实民企精选一年定开债,2019-12-04
008130.OF,广发汇优66个月定开,2019-12-05
008139.OF,鑫元一年定开中高等,2020-03-18
008146.OF,中银添瑞6个月定开债A,2019-12-26
008160.OF,前海联合淳安3年定开债券,2019-11-26
008161.OF,广发汇达纯债3个月定开债,2020-02-17
008165.OF,东兴鑫远三年定开,2020-04-15
008170.OF,博时富添纯债,2019-11-20
008171.OF,长城嘉裕六个月定开债A,2019-12-19
008202.OF,中银恒裕9个月A,2019-12-20
008206.OF,国泰聚瑞纯债,2020-04-29
008207.OF,国泰合融纯债,2019-12-26
008211.OF,银华永盛,2020-03-05
008214.OF,华安鑫福定开债A,2019-11-26
008217.OF,国泰聚盈三年定开,2019-12-26
008219.OF,西部利得尊逸三年定开债,2019-12-05
008223.OF,交银裕泰两年定期开放,2019-12-10
008226.OF,南方远利3个月定开债,2019-12-20
008229.OF,鑫元安硕两年定开债,2020-07-31
008231.OF,海富通裕通30个月定开债,2019-12-20
008232.OF,中银恒优12个月A,2020-04-29
008242.OF,英大通盈A,2019-12-25
008255.OF,西部利得沣泰,2019-11-27
008266.OF,华夏鼎明A,2020-05-13
008268.OF,国泰添瑞一年定开债,2019-12-11
008278.OF,国泰惠鑫一年定开债,2019-12-27
008287.OF,长城嘉鑫定开债A,2019-12-12
008289.OF,国寿安保泰祥纯债一年定开债,2020-04-26
008296.OF,广发汇利一年定开债,2019-12-26
008302.OF,永赢易弘,2020-03-23
008309.OF,长城泰丰纯债A,2020-07-27
008322.OF,东方卓行18个月定开A,2019-12-27
008333.OF,景顺长城弘利39个月定开,2019-12-24
008338.OF,嘉实安元39个月定开纯债A,2019-12-09
008344.OF,建信睿阳一年定开,2019-12-23
008349.OF,华夏恒泰64个月定开债,2019-12-20
008352.OF,交银施罗德裕坤纯债,2019-12-26
008355.OF,农银金祺定开债,2019-12-27
008360.OF,鹏扬淳选一年定开,2020-08-26
008361.OF,南方招利一年定开,2020-05-28
008362.OF,广发汇成一年定开债,2020-01-21
008363.OF,广发民丰一年定开,2020-08-07
008366.OF,广发汇明一年定开,2020-08-07
008369.OF,蜂巢丰鑫纯债一年定开债,2020-03-10
008386.OF,前海联合泓旭定开债,2020-07-23
008394.OF,方正富邦恒利A,2020-06-09
008398.OF,汇添富鑫福,2020-03-30
008406.OF,兴银汇裕一年定开,2019-12-12
008409.OF,景顺长城景泰裕利纯债,2020-04-29
008411.OF,博时富信纯债,2020-03-05
008414.OF,国泰惠泰一年定开,2020-06-01
008426.OF,华安安敦A,2020-04-17
008428.OF,东方红鑫裕两年定开,2020-01-17
008429.OF,中信保诚嘉裕五年定开债,2019-12-24
008452.OF,兴全恒鑫A,2020-01-20
008458.OF,招商安锦A,2020-08-18
008460.OF,招商招和39个月定开债,2019-12-25
008463.OF,招商添瑞1年定开债A,2020-04-26
008465.OF,蜂巢添益A,2020-08-13
008471.OF,工银泰颐三年定开A,2019-12-27
008473.OF,招商招阳纯债A,2020-07-29
008478.OF,天弘鑫意39个月定开债,2020-07-02
008484.OF,格林泓裕一年定开债A,2020-03-26
008486.OF,德邦德瑞一年定开债,2019-12-13
008487.OF,中信建投稳悦一年定开债,2019-12-30
008489.OF,华商鸿畅39个月定开A,2020-09-25
008493.OF,鹏华尊泰一年定开债,2019-12-25
008495.OF,景顺长城景泰添利一年定开,2020-08-11
008496.OF,国泰惠瑞一年定开,2020-08-17
008503.OF,国寿安保泰瑞纯债一年定开债,2019-12-26
008508.OF,中融聚锦一年定开,2020-07-03
008509.OF,南方得利一年定开,2020-03-26
008510.OF,南方鼎利一年定开债,2020-02-27
008511.OF,宝盈鸿盛A,2020-02-26
008516.OF,浦银安盛盛熙一年定开,2020-03-30
008517.OF,兴业嘉华一年定开债,2020-05-27
008521.OF,富国汇优纯债63个月定开,2020-01-13
008523.OF,安信丰泽39个月定开债,2020-03-05
008535.OF,兴银合盛三年定开债A,2020-03-16
008539.OF,工银开元利率债A,2020-03-05
008558.OF,永赢邦利A,2020-07-13
008560.OF,中邮淳悦39个月定开A,2020-07-31
008566.OF,蜂巢添盈A,2020-01-08
008568.OF,蜂巢丰业纯债一年定开债,2019-12-26
008571.OF,金信民达纯债A,2020-06-11
008573.OF,融通通远三个月定开债,2020-06-12
008575.OF,财通裕惠63个月定开债,2020-02-25
008580.OF,九泰久嘉纯债3个月定开A,2020-08-21
008582.OF,兴银聚丰,2020-01-10
008594.OF,平安合润1年定开债,2019-12-25
008595.OF,平安惠智,2020-04-24
008596.OF,平安乐顺39个月定开债A,2019-12-25
008606.OF,广发汇择一年定开债A,2020-02-07
008608.OF,广发汇浦三年,2020-07-15
008612.OF,国投瑞银顺恒纯债,2020-08-24
008613.OF,浙商汇金安享66个月定开A,2020-09-23
008615.OF,浙商汇金聚泓两年定开A,2020-10-30
008620.OF,嘉实致宁3个月定开,2020-03-06
008624.OF,汇安裕鑫12个月定开,2020-07-15
008628.OF,大成惠享一年定开债,2020-08-17
008636.OF,前海联合泰瑞纯债A,2020-08-13
008637.OF,国金惠享一年定开,2020-08-13
008642.OF,国金惠远纯债A,2020-05-14
008644.OF,天弘季季兴三个月定开债A,2019-12-17
008648.OF,嘉实致业一年定开,2020-09-02
008649.OF,华泰柏瑞锦兴39个月定开债,2020-01-20
008650.OF,华泰柏瑞益商一年定开,2020-01-20
008651.OF,博时富进一年定开,2019-12-19
008654.OF,诺德汇盈一年定开,2020-02-17
008661.OF,嘉实致融一年定开,2019-12-25
008662.OF,中银澳享一年定开,2020-03-06
008663.OF,中银同享一年定开,2020-03-27
008668.OF,西部利得双盈一年定开债,2020-03-25
008669.OF,方正富邦禾利39个月定开A,2020-09-25
008674.OF,博时稳悦63个月定开债,2020-01-13
008675.OF,华安鑫浦87个月定开债A,2020-01-10
008678.OF,财通兴利纯债12个月定开,2019-12-24
008684.OF,宝盈盈旭A,2020-07-15
008688.OF,大成景乐纯债A,2020-02-28
008690.OF,平安增利六个月定开债A,2020-03-05
008693.OF,民生加银聚享39个月定开债,2020-01-17
008698.OF,前海联合泳嘉A,2020-05-21
008700.OF,泰康瑞丰纯债3个月定开,2020-06-08
008710.OF,宝盈盈顺纯债A,2020-01-21
008717.OF,德邦锐恒39个月定开债A,2020-03-18
008721.OF,华商鸿益一年定开,2020-06-08
008722.OF,永赢欣益一年定开债,2020-08-06
008724.OF,泓德裕瑞三年定开,2020-05-22
008728.OF,同泰恒利纯债A,2020-02-18
008730.OF,天弘纯享一年定开,2020-03-25
008731.OF,招商添浩A,2020-09-10
008738.OF,天弘兴享一年定开债,2020-05-22
008739.OF,中欧同益一年定开债,2019-12-31
008740.OF,国寿安保尊盛双债A,2020-03-18
008745.OF,南方尊利一年定开债,2020-02-26
008746.OF,财通多利,2020-09-09
008747.OF,大成景泰A,2020-02-27
008756.OF,民生加银瑞夏一年定开债,2020-04-23
008759.OF,上投摩根瑞泰38个月定开债A,2020-03-18
008762.OF,天弘恒享一年定开债,2020-03-18
008765.OF,中加瑞享纯债,2020-03-13
008766.OF,财通资管鸿盛12个月A,2020-06-05
008771.OF,南方昭元A,2020-06-12
008780.OF,南方宁利一年定开债,2020-01-15
008785.OF,中加博裕纯债,2020-08-20
008796.OF,中融恒安纯债A,2020-03-30
008798.OF,国金惠安利率债A,2020-03-05
008802.OF,浦银安盛盛晖一年定开,2020-03-26
008803.OF,海富通瑞弘6个月定开,2020-05-13
008804.OF,招商添华A,2020-07-16
008806.OF,鑫元锦利一年定开债,2020-01-15
008807.OF,鹏扬淳悦一年定开债,2020-02-27
008818.OF,汇安恒鑫12个月定开,2020-09-18
008824.OF,民生加银瑞鑫一年定开,2020-09-07
008825.OF,民生加银瑞盈纯债一年定开,2020-08-21
008826.OF,天弘成享一年定开,2020-06-23
008829.OF,博时富洋纯债一年定开债,2020-01-15
008852.OF,人保鑫选双债A,2020-06-24
008857.OF,华夏鼎航A,2020-07-03
008862.OF,中银证券汇远一年定开,2020-05-22
008863.OF,中银证券汇兴一年定开,2020-07-24
008868.OF,民生加银嘉益,2020-08-14
008873.OF,国寿安保尊诚纯债A,2020-04-21
008875.OF,国寿安保尊恒利率债A,2020-05-21
008877.OF,国联安增盛一年定开纯债,2020-08-14
008880.OF,国联安增顺纯债A,2020-08-20
008882.OF,国联安增祺纯债A,2020-05-28
008896.OF,兴业鼎泰一年定开债,2020-02-28
008900.OF,国联安增泰一年定开,2020-08-21
008902.OF,国寿安保泰吉纯债一年定开,2020-03-16
008904.OF,华安安腾一年定开债,2020-04-22
008921.OF,国泰聚鑫纯债,2020-04-23
008925.OF,鹏华尊达一年定开,2020-05-20
008937.OF,诺德安盈纯债,2020-05-25
008938.OF,大成惠兴一年定开,2020-06-22
008951.OF,鹏华尊裕一年定开债,2020-02-27
008952.OF,中信建投桂企债A,2020-06-04
008968.OF,申万菱信安泰鼎利一年定开债,2020-02-27
008982.OF,华泰紫金智鑫3个月定开,2020-02-26
008993.OF,汇添富多策略A,2020-04-01
008995.OF,中银证券安沛A,2020-05-13
009001.OF,长城泰利纯债A,2020-02-25
009018.OF,西部利得聚泰18个月定开债A,2020-03-25
009021.OF,鹏华丰诚A,2020-03-25
009037.OF,浦银安盛普庆纯债A,2020-08-20
009041.OF,浦银安盛普天纯债A,2020-08-20
009044.OF,浦银安盛盛毅一年定开,2020-09-17
009045.OF,浦银安盛盛智一年定开,2020-03-26
009050.OF,易方达恒裕一年定开,2020-03-12
009053.OF,平安合庆1年定开,2020-06-19
009081.OF,中信保诚嘉丰一年定开,2020-03-13
009082.OF,华夏鼎佳A,2020-04-21
009084.OF,申万菱信安泰鑫利纯债一年定开债,2020-03-18
009091.OF,兴银汇悦一年定开债,2020-03-10
009105.OF,兴业嘉荣一年定开,2020-08-27
009118.OF,太平恒睿纯债,2020-03-12
009148.OF,平安合聚1年定开债,2020-03-30
009166.OF,平安合享1年定开债,2020-04-26
009167.OF,博时富灿一年定开,2020-03-26
009173.OF,招商湖北省主题,2020-03-30
009177.OF,东方永悦18个月定开A,2020-05-09
009203.OF,鹏扬稳利A,2020-10-28
009207.OF,兴银汇智一年定开,2020-06-19
009212.OF,易方达恒茂39个月定期,2020-07-16
009227.OF,平安增鑫六个月定开债A,2020-05-09
009235.OF,景顺长城弘远66个月定开,2020-07-16
009237.OF,兴业绿色纯债一年定开A,2020-07-17
009252.OF,蜂巢添元A,2020-09-24
009254.OF,蜂巢添禧87个月定开债,2020-08-05
009255.OF,中银添盛39个月定开,2020-07-08
009256.OF,民生加银鑫通,2020-04-15
009271.OF,博时信用优选A,2020-05-22
009278.OF,同泰恒兴纯债A,2020-05-18
009282.OF,宝盈盈辉纯债A,2020-05-21
009284.OF,上银慧丰利,2020-04-22
009287.OF,惠升和裕纯债A,2020-04-27
009289.OF,富国长江经济带,2020-05-09
009292.OF,易方达年年恒春纯债一年定开债A,2020-04-27
009294.OF,嘉实致益纯债,2020-05-14
009295.OF,民生加银睿智一年定开债,2020-04-29
009298.OF,英大安惠纯债A,2020-04-29
009303.OF,恒生前海恒颐五年定开A,2020-11-02
009306.OF,平安惠铭纯债,2020-09-07
009323.OF,博时富通一年定开,2020-04-26
009338.OF,万家民瑞祥和6个月持有A,2020-05-21
009343.OF,泰康长江经济带A,2020-06-24
009349.OF,前海联合添泽A,2020-06-04
009386.OF,创金合信泰享39个月定开,2020-07-31
009399.OF,华融雄安建设发展三年定开,2020-07-01
009407.OF,格林泓远A,2020-06-11
009417.OF,国投瑞银顺荣39个月定开A,2020-08-13
009444.OF,国泰添福一年定开,2020-08-03
009450.OF,中金新辉1年定开,2020-06-19
009451.OF,中金新盛1年定开,2020-07-03
009452.OF,光大保德信尊裕纯债一年定开,2020-09-17
009453.OF,平安合兴1年定开债,2020-06-24
009457.OF,红土创新纯债A,2020-09-07
009461.OF,东方臻萃3个月定开债A,2020-05-21
009463.OF,东方臻慧A,2020-05-21
009483.OF,鹏华普利A,2020-06-11
009495.OF,大成景轩中高等级A,2020-09-01
009506.OF,富荣富恒两年定开,2020-09-11
009509.OF,平安惠润,2020-07-16
009510.OF,天弘同利E,2020-05-22
009523.OF,宝盈聚福39个月定开A,2020-08-28
009533.OF,太平恒泽63个月定开,2020-08-07
009543.OF,申万菱信安泰富利三年定开A,2020-07-29
009552.OF,财通资管丰乾39个月定开A,2020-08-24
009561.OF,博时富盛一年定开,2020-07-16
009567.OF,山西证券裕丰一年定开,2020-06-11
009577.OF,上银聚永益一年定开债,2020-06-12
009578.OF,上银聚德益一年定开债,2020-06-16
009579.OF,东方红鑫安39个月定开,2020-08-31
009583.OF,淳厚安裕87个月定开,2020-07-31
009584.OF,华富63个月定开,2020-08-04
009585.OF,中信建投稳丰63个月,2020-07-28
009587.OF,国寿安保瑞和66个月定开,2020-06-28
009599.OF,嘉实致嘉,2020-07-13
009600.OF,嘉实安泽一年定开,2020-09-07
009605.OF,安信永顺一年定开债,2020-08-28
009632.OF,浦银安盛普嘉87个月定开A,2020-06-24
009642.OF,富国荣利一年定开,2020-09-07
009643.OF,嘉实致信一年定开,2020-06-22
009666.OF,兴全恒祥88个月定开,2020-08-03
009670.OF,东方红益丰纯债,2020-07-21
009673.OF,嘉合慧康63个月定开A,2020-08-04
009679.OF,浙商惠隆39个月定开,2020-09-10
009685.OF,景顺长城景泰宝利一年定开,2020-11-02
009699.OF,长信浦瑞87个月定开,2020-08-10
009711.OF,招商添盛78个月定开债,2020-07-23
009732.OF,兴业稳泰66个月定开,2020-07-17
009738.OF,格林泓安63个月定开,2020-11-02
009748.OF,汇丰晋信惠安纯债63个月定开,2020-10-29
009749.OF,西部利得尊泰86个月定开,2020-07-29
009756.OF,华宝宝利,2020-07-09
009759.OF,鹏扬淳安66个月A,2020-07-21
009761.OF,光大保德信尊合87个月定开,2020-08-03
009765.OF,惠升和煦88个月定开,2020-09-02
009770.OF,英大安鑫66个月,2020-09-24
009780.OF,德邦锐泽86个月定开,2020-07-30
009784.OF,安信尊享添利A,2020-08-24
009788.OF,前海开源惠泽两年定开,2020-07-07
009792.OF,工银瑞益A,2020-09-27
009799.OF,中银证券安汇三年定开,2020-09-01
009802.OF,东海祥泰三年定开,2020-07-24
009809.OF,易方达恒智63个月定开,2020-07-24
009814.OF,泰达宏利乐盈66个月A,2020-07-31
009833.OF,创金合信泰博66个月,2020-07-27
009834.OF,东方红鑫泰66个月定开债,2020-07-24
009839.OF,国金惠丰39个月定开,2020-08-06
009844.OF,华泰紫金丰安27个月定开A,2020-09-24
009851.OF,上银聚远盈42个月定开,2020-07-22
009866.OF,永赢瑞宁87个月定开债,2020-07-23
009889.OF,华润元大润禧39个月定开A,2020-08-24
009894.OF,前海开源惠盈39个月定开,2020-08-24
009895.OF,上投摩根瑞盛87个月定开,2020-08-03
009906.OF,诺德安瑞39个月定开,2020-08-26
009915.OF,兴银合富,2020-08-13
009920.OF,鹏华年年红一年持有期A,2020-08-24
009922.OF,华夏鼎富A,2020-10-21
009933.OF,浦银安盛普华66个月定开A,2020-08-10
009953.OF,华泰柏瑞锦乾,2020-10-30
009979.OF,新华安享惠融88个月定开A,2020-10-20
010083.OF,中银欣享利率债,2020-10-16
010223.OF,博时双季享六个月持有A,2020-10-13
010463.OF,鹏扬淳稳66个月定开A,2020-10-29
040026.OF,华安信用四季红A,2011-12-08
040040.OF,华安纯债A,2013-02-05
050027.OF,博时信用债纯债A,2012-09-07
050028.OF,博时安心收益A,2012-12-06
070037.OF,嘉实纯债A,2012-12-11
091023.OF,大成安汇金融A,2020-08-04
100058.OF,富国产业债A,2011-12-05
100066.OF,富国纯债AB,2012-11-22
100072.OF,富国强回报A,2013-01-29
110037.OF,易方达纯债A,2012-05-03
160128.OF,南方金利A,2012-05-17
160131.OF,南方聚利1年A,2013-11-28
160217.OF,国泰信用互利A,2020-03-19
160515.OF,博时安丰18个月A,2013-08-22
160618.OF,鹏华丰泽,2014-12-08
160622.OF,鹏华丰利,2016-04-25
161014.OF,富国汇利回报两年定开,2017-12-11
161019.OF,富国新天锋,2012-05-07
161117.OF,易方达永旭添利,2012-06-19
161603.OF,融通债券AB,2003-09-30
161618.OF,融通岁岁添利A,2012-11-06
161820.OF,银华纯债信用主题,2012-08-09
161823.OF,银华永兴A,2016-01-18
161911.OF,万家强化收益,2013-05-07
162108.OF,金鹰元盛C,2015-05-04
162715.OF,广发聚源A,2013-05-08
163210.OF,诺安纯债A,2013-03-27
163824.OF,中银盛利纯债一年,2013-08-08
163825.OF,中银互利定期开放,2017-11-09
163907.OF,中海惠裕纯债,2016-01-08
164210.OF,天弘同利C,2016-09-19
164509.OF,国富恒利A,2017-03-10
164703.OF,汇添富纯债,2016-11-07
164810.OF,工银瑞信纯债,2012-06-21
166012.OF,中欧信用增利C,2015-04-20
166016.OF,中欧纯债C,2016-02-02
166803.OF,浙商惠民A,2020-04-29
166902.OF,民生加银平稳增利A,2012-11-15
166904.OF,民生加银平稳添利A,2013-08-12
202108.OF,南方润元纯债AB,2012-07-20
206015.OF,鹏华纯债,2012-09-03
206018.OF,鹏华产业债,2013-02-06
217003.OF,招商安泰债券A,2003-04-28
261002.OF,景顺长城优信增利A,2012-03-15
270044.OF,广发双债添利A,2012-09-20
270046.OF,广发景荣,2020-09-25
270048.OF,广发纯债A,2012-12-12
360019.OF,光大添天盈五年定开债,2020-03-09
371020.OF,上投摩根纯债A,2009-06-24
380005.OF,中银纯债A,2012-12-12
380010.OF,中银聚享A,2020-09-21
400030.OF,东方添益,2014-12-15
450018.OF,国富恒久信用A,2012-09-11
460008.OF,华泰柏瑞稳健收益A,2012-12-04
470030.OF,汇添富鑫禧,2020-08-19
472007.OF,汇添富利率债,2020-10-30
485119.OF,工银瑞信信用纯债A,2012-11-14
501100.OF,博时安康18个月定开,2017-02-17
519061.OF,海富通纯债A,2014-04-02
519118.OF,浦银安盛幸福回报A,2012-09-18
519121.OF,浦银安盛6个月A,2013-05-16
519123.OF,浦银安盛季季添利A,2013-06-14
519128.OF,浦银安盛月月盈A,2014-12-05
519137.OF,海富通瑞福,2017-07-28
519138.OF,海富通瑞祥一年定开,2017-07-28
519152.OF,新华纯债添利A,2012-12-21
519160.OF,新华安享惠金A,2013-11-13
519188.OF,万家信用恒利A,2012-09-21
519206.OF,万家年年恒荣定开A,2016-11-15
519208.OF,万家3-5年政策性金融债A,2016-09-18
519220.OF,海富通聚利纯债,2016-09-22
519225.OF,海富通集利,2016-09-29
519226.OF,海富通瑞利,2017-02-16
519320.OF,浦银安盛幸福聚利A,2016-05-04
519322.OF,浦银安盛盛元定开A,2016-07-22
519324.OF,浦银安盛盛鑫A,2016-07-11
519326.OF,浦银安盛幸福聚益A,2016-11-17
519328.OF,浦银安盛盛泰A,2016-11-11
519330.OF,浦银安盛盛跃纯债A,2017-03-21
519332.OF,浦银安盛盛达纯债A,2016-12-19
519334.OF,浦银安盛盛勤3个月定开A,2017-04-19
519622.OF,银河君怡纯债,2016-12-27
519632.OF,银河君辉3个月,2017-04-20
519648.OF,银河泰利I,2015-11-18
519654.OF,银河丰利,2017-04-14
519662.OF,银河久益回报6个月定开A,2013-08-09
519669.OF,银河领先债券,2012-11-29
519675.OF,银河泰利A,2014-08-06
519717.OF,交银中高等级信用债,2020-07-28
519718.OF,交银纯债AB,2012-12-19
519722.OF,交银裕惠纯债,2020-07-28
519723.OF,交银双轮动AB,2013-04-18
519740.OF,交银丰盈收益A,2014-08-11
519743.OF,交银丰润收益A,2014-12-15
519746.OF,交银丰享收益A,2017-01-20
519762.OF,交银裕通纯债A,2015-12-29
519776.OF,交银裕盈纯债A,2016-11-04
519782.OF,交银裕隆纯债A,2016-11-28
519784.OF,交银境尚收益A,2017-03-03
519786.OF,交银裕利纯债A,2016-11-23
519941.OF,长信富全纯债一年A,2016-03-09
519943.OF,长信利率债A,2016-07-21
519945.OF,长信富安纯债半年A,2015-11-23
519973.OF,长信纯债一年A,2013-11-29
519985.OF,长信纯债壹号A,2010-06-28
530021.OF,建信纯债A,2012-11-15
530029.OF,建信荣元一年定开,2020-05-07
550012.OF,中信保诚景华A,2020-03-03
550018.OF,信诚优质纯债A,2013-02-07
590009.OF,中邮稳定收益A,2012-11-21
620009.OF,金元顺安丰祥,2015-01-14
650001.OF,英大纯债A,2013-04-24
660016.OF,农银汇理金聚高等级债,2020-06-29
675041.OF,西部利得合享A,2016-08-25
675051.OF,西部利得合赢A,2016-09-09
675091.OF,西部利得祥逸A,2017-03-10
675100.OF,西部利得得尊A,2017-03-01
675111.OF,西部利得汇享A,2017-03-10
675161.OF,西部利得汇盈A,2018-03-26
686868.OF,浙商聚盈纯债A,2012-09-18
690012.OF,民生加银丰鑫,2020-03-03
700005.OF,平安添利A,2012-11-27
750002.OF,安信目标收益A,2012-09-25
